Name,in:Elevator Width,in:Elevator Length,in:Module Width,in:Module Length,in:Floor Height,in:Length Shift,in:Width Shift,in:Glass Type,in:Solid Wall Amount,out:Total SF,out:Total Steel Tonnage,out:Total EE,out:Amount Glazed,img:Image Name,threeD,,,,,
10~12~24~66~17~2~0~0~0.1,10,12,24,66,17,2,0,0,0.1,48000,340.698151,8733.75,4,https://dl.dropboxusercontent.com/u/16228160/D3TestData/DEImages/10.0_12.0_24.0_66.0_18.0_-8.0_2.0_9.0_0.0_Perspective.png,https://dl.dropboxusercontent.com/u/16228160/D3TestData/threeD/3D10.0_12.0_24.0_66.0_17.0_2.0_0.0_0.0_0.1.json,,,,,
10~12~24~66~18~-8~2~9~0,10,12,24,66,18,-8,2,9,0,54240,581.788205,13198.19322,0,https://dl.dropboxusercontent.com/u/16228160/D3TestData/DEImages/10.0_12.0_24.0_68.0_16.0_-4.0_2.0_2.0_0.43_Perspective.png,https://dl.dropboxusercontent.com/u/16228160/D3TestData/threeD/3D10.0_12.0_24.0_66.0_18.0_-8.0_2.0_9.0_0.0.json,,,,,
10~12~24~68~16~-4~2~2~0.43,10,12,24,68,16,-4,2,2,0.43,53760,573.412552,13124.44196,0.16,https://dl.dropboxusercontent.com/u/16228160/D3TestData/DEImages/10.0_12.0_24.0_70.0_14.0_-2.0_0.0_3.0_0.11_Perspective.png,https://dl.dropboxusercontent.com/u/16228160/D3TestData/threeD/3D10.0_12.0_24.0_68.0_16.0_-4.0_2.0_2.0_0.43.json,,,,,
10~12~24~70~14~-2~0~3~0.11,10,12,24,70,14,-2,0,3,0.11,51072,343.176502,8268.131266,3.55,https://dl.dropboxusercontent.com/u/16228160/D3TestData/DEImages/10.0_12.0_26.0_66.0_17.0_-6.0_2.0_0.0_0.15_Perspective.png,https://dl.dropboxusercontent.com/u/16228160/D3TestData/threeD/3D10.0_12.0_24.0_70.0_14.0_-2.0_0.0_3.0_0.11.json,,,,,
10~12~26~66~17~-6~2~0~0.15,10,12,26,66,17,-6,2,0,0.15,57696,727.828177,15522.39323,2.33,https://dl.dropboxusercontent.com/u/16228160/D3TestData/DEImages/10.0_12.0_26.0_76.0_14.0_-8.0_-4.0_3.0_0.28_Perspective.png,https://dl.dropboxusercontent.com/u/16228160/D3TestData/threeD/3D10.0_12.0_26.0_66.0_17.0_-6.0_2.0_0.0_0.15.json,,,,,
10~12~26~76~14~-8~-4~3~0.28,10,12,26,76,14,-8,-4,3,0.28,70912,535.868687,9298.426218,0.79,https://dl.dropboxusercontent.com/u/16228160/D3TestData/DEImages/10.0_12.0_28.0_72.0_16.0_-4.0_-2.0_1.0_0.27_Perspective.png,https://dl.dropboxusercontent.com/u/16228160/D3TestData/threeD/3D10.0_12.0_26.0_76.0_14.0_-8.0_-4.0_3.0_0.28.json,,,,,
10~12~28~72~16~-4~-2~1~0.27,10,12,28,72,16,-4,-2,1,0.27,66624,801.835735,14809.22791,0.85,https://dl.dropboxusercontent.com/u/16228160/D3TestData/DEImages/10.0_12.0_30.0_74.0_18.0_6.0_-4.0_7.0_0.35_Perspective.png,https://dl.dropboxusercontent.com/u/16228160/D3TestData/threeD/3D10.0_12.0_28.0_72.0_16.0_-4.0_-2.0_1.0_0.27.json,,,,,
10~12~30~74~18~6~-4~7~0.35,10,12,30,74,18,6,-4,7,0.35,78048,779.063873,12282.44157,0.43,https://dl.dropboxusercontent.com/u/16228160/D3TestData/DEImages/10.0_12.0_32.0_78.0_14.0_2.0_0.0_3.0_0.05_Perspective.png,https://dl.dropboxusercontent.com/u/16228160/D3TestData/threeD/3D10.0_12.0_30.0_74.0_18.0_6.0_-4.0_7.0_0.35.json,,,,,
10~12~32~78~14~2~0~3~0.05,10,12,32,78,14,2,0,3,0.05,77568,453.131042,7188.144596,9,https://dl.dropboxusercontent.com/u/16228160/D3TestData/DEImages/10.0_14.0_24.0_64.0_16.0_4.0_-4.0_1.0_0.43_Perspective.png,https://dl.dropboxusercontent.com/u/16228160/D3TestData/threeD/3D10.0_12.0_32.0_78.0_14.0_2.0_0.0_3.0_0.05.json,,,,,
10~14~24~64~16~4~-4~1~0.43,10,14,24,64,16,4,-4,1,0.43,52736,372.130642,8682.87318,0.16,https://dl.dropboxusercontent.com/u/16228160/D3TestData/DEImages/10.0_14.0_26.0_68.0_15.0_-8.0_-2.0_3.0_0.19_Perspective.png,https://dl.dropboxusercontent.com/u/16228160/D3TestData/threeD/3D10.0_14.0_24.0_64.0_16.0_4.0_-4.0_1.0_0.43.json,,,,,
10~14~26~68~15~-8~-2~3~0.19,10,14,26,68,15,-8,-2,3,0.19,59968,733.848862,15057.69744,1.63,https://dl.dropboxusercontent.com/u/16228160/D3TestData/DEImages/10.0_14.0_26.0_72.0_14.0_6.0_-4.0_9.0_0.21_Perspective.png,https://dl.dropboxusercontent.com/u/16228160/D3TestData/threeD/3D10.0_14.0_26.0_68.0_15.0_-8.0_-2.0_3.0_0.19.json,,,,,
10~14~26~72~14~6~-4~9~0.21,10,14,26,72,14,6,-4,9,0.21,65504,455.612924,8558.561309,1.38,https://dl.dropboxusercontent.com/u/16228160/D3TestData/DEImages/10.0_14.0_26.0_78.0_18.0_-6.0_0.0_2.0_0.49_Perspective.png,https://dl.dropboxusercontent.com/u/16228160/D3TestData/threeD/3D10.0_14.0_26.0_72.0_14.0_6.0_-4.0_9.0_0.21.json,,,,,
10~14~26~78~18~-6~0~2~0.49,10,14,26,78,18,-6,0,2,0.49,64160,546.140773,10473.97132,0.02,https://dl.dropboxusercontent.com/u/16228160/D3TestData/DEImages/10.0_14.0_32.0_70.0_15.0_4.0_0.0_2.0_0.29_Perspective.png,https://dl.dropboxusercontent.com/u/16228160/D3TestData/threeD/3D10.0_14.0_26.0_78.0_18.0_-6.0_0.0_2.0_0.49.json,,,,,
10~14~32~70~15~4~0~2~0.29,10,14,32,70,15,4,0,2,0.29,70272,562.892845,9856.415073,0.72,https://dl.dropboxusercontent.com/u/16228160/D3TestData/DEImages/10.0_14.0_32.0_78.0_14.0_-8.0_2.0_9.0_0.34_Perspective.png,https://dl.dropboxusercontent.com/u/16228160/D3TestData/threeD/3D10.0_14.0_32.0_70.0_15.0_4.0_0.0_2.0_0.29.json,,,,,
10~14~32~78~14~0~2~4~0.13,10,14,32,78,14,0,2,4,0.13,79136,910.191271,14152.85079,2.85,https://dl.dropboxusercontent.com/u/16228160/D3TestData/DEImages/10.0_14.0_32.0_78.0_14.0_0.0_2.0_4.0_0.13_Perspective.png,https://dl.dropboxusercontent.com/u/16228160/D3TestData/threeD/3D10.0_14.0_32.0_78.0_14.0_-8.0_2.0_9.0_0.34.json,,,,,
10~14~32~78~14~-8~2~9~0.34,10,14,32,78,14,-8,2,9,0.34,84896,1022.142283,14814.59668,0.47,https://dl.dropboxusercontent.com/u/16228160/D3TestData/DEImages/10.0_16.0_24.0_60.0_18.0_-4.0_-2.0_3.0_0.07_Perspective.png,https://dl.dropboxusercontent.com/u/16228160/D3TestData/threeD/3D10.0_14.0_32.0_78.0_14.0_0.0_2.0_4.0_0.13.json,,,,,
10~16~24~60~18~-4~-2~3~0.07,10,16,24,60,18,-4,-2,3,0.07,45952,525.268854,14065.54666,6.14,https://dl.dropboxusercontent.com/u/16228160/D3TestData/DEImages/10.0_16.0_24.0_64.0_16.0_4.0_-2.0_5.0_0.44_Perspective.png,https://dl.dropboxusercontent.com/u/16228160/D3TestData/threeD/3D10.0_16.0_24.0_60.0_18.0_-4.0_-2.0_3.0_0.07.json,,,,,
10~16~24~64~16~4~-2~5~0.44,10,16,24,64,16,4,-2,5,0.44,49216,541.236787,13531.77828,0.14,https://dl.dropboxusercontent.com/u/16228160/D3TestData/DEImages/10.0_16.0_24.0_68.0_18.0_2.0_-4.0_2.0_0.34_Perspective.png,https://dl.dropboxusercontent.com/u/16228160/D3TestData/threeD/3D10.0_16.0_24.0_64.0_16.0_4.0_-2.0_5.0_0.44.json,,,,,
10~16~24~68~18~2~-4~2~0.34,10,16,24,68,18,2,-4,2,0.34,54592,353.752127,7973.329426,0.47,https://dl.dropboxusercontent.com/u/16228160/D3TestData/DEImages/10.0_16.0_24.0_70.0_18.0_2.0_2.0_0.0_0.43_Perspective.png,https://dl.dropboxusercontent.com/u/16228160/D3TestData/threeD/3D10.0_16.0_24.0_68.0_18.0_2.0_-4.0_2.0_0.34.json,,,,,
10~16~24~70~18~2~2~0~0.43,10,16,24,70,18,2,2,0,0.43,53056,569.427884,13206.03513,0.16,https://dl.dropboxusercontent.com/u/16228160/D3TestData/DEImages/10.0_16.0_24.0_70.0_19.0_-4.0_-2.0_7.0_0.18_Perspective.png,https://dl.dropboxusercontent.com/u/16228160/D3TestData/threeD/3D10.0_16.0_24.0_70.0_18.0_2.0_2.0_0.0_0.43.json,,,,,
10~16~24~70~19~-4~-2~7~0.18,10,16,24,70,19,-4,-2,7,0.18,54112,589.036207,13394.25636,1.78,https://dl.dropboxusercontent.com/u/16228160/D3TestData/DEImages/10.0_16.0_24.0_72.0_18.0_0.0_-2.0_6.0_0.11_Perspective.png,https://dl.dropboxusercontent.com/u/16228160/D3TestData/threeD/3D10.0_16.0_24.0_70.0_19.0_-4.0_-2.0_7.0_0.18.json,,,,,
10~16~24~72~18~0~-2~6~0.11,10,16,24,72,18,0,-2,6,0.11,53632,553.464481,12698.20257,3.55,https://dl.dropboxusercontent.com/u/16228160/D3TestData/DEImages/10.0_16.0_24.0_74.0_19.0_4.0_-4.0_5.0_0.13_Perspective.png,https://dl.dropboxusercontent.com/u/16228160/D3TestData/threeD/3D10.0_16.0_24.0_72.0_18.0_0.0_-2.0_6.0_0.11.json,,,,,
10~16~24~74~19~4~-4~5~0.13,10,16,24,74,19,4,-4,5,0.13,60736,450.936626,9135.767914,2.85,https://dl.dropboxusercontent.com/u/16228160/D3TestData/DEImages/10.0_16.0_26.0_70.0_16.0_-2.0_-4.0_7.0_0.3_Perspective.png,https://dl.dropboxusercontent.com/u/16228160/D3TestData/threeD/3D10.0_16.0_24.0_74.0_19.0_4.0_-4.0_5.0_0.13.json,,,,,
10~16~26~70~16~-2~-4~7~0.3,10,16,26,70,16,-2,-4,7,0.3,60896,356.451768,7202.607725,0.67,https://dl.dropboxusercontent.com/u/16228160/D3TestData/DEImages/10.0_16.0_26.0_70.0_16.0_2.0_-4.0_8.0_0.22_Perspective.png,https://dl.dropboxusercontent.com/u/16228160/D3TestData/threeD/3D10.0_16.0_26.0_70.0_16.0_-2.0_-4.0_7.0_0.3.json,,,,,
10~16~26~70~16~2~-4~8~0.22,10,16,26,70,16,2,-4,8,0.22,60896,372.318779,7523.15423,1.27,https://dl.dropboxusercontent.com/u/16228160/D3TestData/DEImages/10.0_16.0_26.0_70.0_16.0_4.0_-2.0_7.0_0.28_Perspective.png,https://dl.dropboxusercontent.com/u/16228160/D3TestData/threeD/3D10.0_16.0_26.0_70.0_16.0_2.0_-4.0_8.0_0.22.json,,,,,
10~16~26~70~16~4~-2~7~0.28,10,16,26,70,16,4,-2,7,0.28,58784,737.655136,15440.76619,0.79,https://dl.dropboxusercontent.com/u/16228160/D3TestData/DEImages/10.0_16.0_26.0_72.0_15.0_-2.0_-4.0_6.0_0.17_Perspective.png,https://dl.dropboxusercontent.com/u/16228160/D3TestData/threeD/3D10.0_16.0_26.0_70.0_16.0_4.0_-2.0_7.0_0.28.json,,,,,
10~16~26~72~15~-2~-4~6~0.17,10,16,26,72,15,-2,-4,6,0.17,62752,385.794123,7564.858491,1.94,https://dl.dropboxusercontent.com/u/16228160/D3TestData/DEImages/10.0_16.0_28.0_66.0_16.0_2.0_-2.0_5.0_0.09_Perspective.png,https://dl.dropboxusercontent.com/u/16228160/D3TestData/threeD/3D10.0_16.0_26.0_72.0_15.0_-2.0_-4.0_6.0_0.17.json,,,,,
10~16~28~66~16~2~-2~5~0.09,10,16,28,66,16,2,-2,5,0.09,58432,663.253018,13967.17552,4.56,https://dl.dropboxusercontent.com/u/16228160/D3TestData/DEImages/10.0_16.0_28.0_72.0_18.0_-8.0_-2.0_5.0_0.28_Perspective.png,https://dl.dropboxusercontent.com/u/16228160/D3TestData/threeD/3D10.0_16.0_28.0_66.0_16.0_2.0_-2.0_5.0_0.09.json,,,,,
10~16~28~72~18~-8~-2~5~0.28,10,16,28,72,18,-8,-2,5,0.28,67840,827.055826,15001.47406,0.79,https://dl.dropboxusercontent.com/u/16228160/D3TestData/DEImages/10.0_16.0_30.0_68.0_16.0_-8.0_-2.0_7.0_0.02_Perspective.png,https://dl.dropboxusercontent.com/u/16228160/D3TestData/threeD/3D10.0_16.0_28.0_72.0_18.0_-8.0_-2.0_5.0_0.28.json,,,,,
10~16~30~68~16~-8~-2~7~0.02,10,16,30,68,16,-8,-2,7,0.02,68800,840.936098,15040.69767,24,https://dl.dropboxusercontent.com/u/16228160/D3TestData/DEImages/10.0_16.0_30.0_74.0_16.0_-2.0_0.0_4.0_0.13_Perspective.png,https://dl.dropboxusercontent.com/u/16228160/D3TestData/threeD/3D10.0_16.0_30.0_68.0_16.0_-8.0_-2.0_7.0_0.02.json,,,,,
10~16~30~74~16~-2~0~4~0.13,10,16,30,74,16,-2,0,4,0.13,67360,423.078303,7728.473872,2.85,https://dl.dropboxusercontent.com/u/16228160/D3TestData/DEImages/10.0_16.0_32.0_66.0_18.0_-8.0_-2.0_9.0_0.1_Perspective.png,https://dl.dropboxusercontent.com/u/16228160/D3TestData/threeD/3D10.0_16.0_30.0_74.0_16.0_-2.0_0.0_4.0_0.13.json,,,,,
10~16~32~66~18~-8~-2~9~0.1,10,16,32,66,18,-8,-2,9,0.1,71392,948.698301,16351.97221,4,https://dl.dropboxusercontent.com/u/16228160/D3TestData/DEImages/10.0_16.0_32.0_68.0_15.0_-2.0_0.0_5.0_0.4_Perspective.png,https://dl.dropboxusercontent.com/u/16228160/D3TestData/threeD/3D10.0_16.0_32.0_66.0_18.0_-8.0_-2.0_9.0_0.1.json,,,,,
10~16~32~68~15~-2~0~5~0.4,10,16,32,68,15,-2,0,5,0.4,66048,379.888642,7077.428537,0.25,https://dl.dropboxusercontent.com/u/16228160/D3TestData/DEImages/10.0_18.0_24.0_64.0_16.0_4.0_0.0_9.0_0.45_Perspective.png,https://dl.dropboxusercontent.com/u/16228160/D3TestData/threeD/3D10.0_16.0_32.0_68.0_15.0_-2.0_0.0_5.0_0.4.json,,,,,
10~18~24~64~16~4~0~9~0.45,10,18,24,64,16,4,0,9,0.45,45696,327.673256,8823.529412,0.11,https://dl.dropboxusercontent.com/u/16228160/D3TestData/DEImages/10.0_18.0_24.0_74.0_19.0_6.0_0.0_5.0_0.05_Perspective.png,https://dl.dropboxusercontent.com/u/16228160/D3TestData/threeD/3D10.0_18.0_24.0_64.0_16.0_4.0_0.0_9.0_0.45.json,,,,,
10~18~24~74~19~6~0~5~0.05,10,18,24,74,19,6,0,5,0.05,54528,423.600832,9559.125587,9,https://dl.dropboxusercontent.com/u/16228160/D3TestData/DEImages/10.0_18.0_24.0_78.0_18.0_2.0_2.0_3.0_0.47_Perspective.png,https://dl.dropboxusercontent.com/u/16228160/D3TestData/threeD/3D10.0_18.0_24.0_74.0_19.0_6.0_0.0_5.0_0.05.json,,,,,
10~18~24~78~18~2~2~3~0.47,10,18,24,78,18,2,2,3,0.47,58944,607.920247,12690.45874,0.06,https://dl.dropboxusercontent.com/u/16228160/D3TestData/DEImages/10.0_18.0_28.0_70.0_15.0_-2.0_-4.0_6.0_0.3_Perspective.png,https://dl.dropboxusercontent.com/u/16228160/D3TestData/threeD/3D10.0_18.0_24.0_78.0_18.0_2.0_2.0_3.0_0.47.json,,,,,
10~18~28~70~15~-2~-4~6~0.3,10,18,28,70,15,-2,-4,6,0.3,64832,405.073405,7688.178677,0.67,https://dl.dropboxusercontent.com/u/16228160/D3TestData/DEImages/10.0_18.0_30.0_60.0_19.0_6.0_2.0_0.0_0.49_Perspective.png,https://dl.dropboxusercontent.com/u/16228160/D3TestData/threeD/3D10.0_18.0_28.0_70.0_15.0_-2.0_-4.0_6.0_0.3.json,,,,,
10~18~30~60~19~6~2~0~0.49,10,18,30,60,19,6,2,0,0.49,58752,790.133121,16548.20261,0.02,https://dl.dropboxusercontent.com/u/16228160/D3TestData/DEImages/10.0_18.0_30.0_70.0_15.0_-2.0_-2.0_1.0_0.26_Perspective.png,https://dl.dropboxusercontent.com/u/16228160/D3TestData/threeD/3D10.0_18.0_30.0_60.0_19.0_6.0_2.0_0.0_0.49.json,,,,,
10~18~30~70~15~-2~-2~1~0.26,10,18,30,70,15,-2,-2,1,0.26,66144,682.996697,12705.76318,0.92,https://dl.dropboxusercontent.com/u/16228160/D3TestData/DEImages/10.0_18.0_32.0_62.0_14.0_-2.0_-2.0_7.0_0.04_Perspective.png,https://dl.dropboxusercontent.com/u/16228160/D3TestData/threeD/3D10.0_18.0_30.0_70.0_15.0_-2.0_-2.0_1.0_0.26.json,,,,,
10~18~32~62~14~-2~-2~7~0.04,10,18,32,62,14,-2,-2,7,0.04,62144,649.743679,12865.28064,11.5,https://dl.dropboxusercontent.com/u/16228160/D3TestData/DEImages/10.0_20.0_24.0_72.0_19.0_-2.0_0.0_3.0_0.17_Perspective.png,https://dl.dropboxusercontent.com/u/16228160/D3TestData/threeD/3D10.0_18.0_32.0_62.0_14.0_-2.0_-2.0_7.0_0.04.json,,,,,
10~20~24~72~19~-2~0~3~0.17,10,20,24,72,19,-2,0,3,0.17,50048,399.139044,9813.179348,1.94,https://dl.dropboxusercontent.com/u/16228160/D3TestData/DEImages/10.0_20.0_26.0_68.0_18.0_-2.0_-2.0_9.0_0.28_Perspective.png,https://dl.dropboxusercontent.com/u/16228160/D3TestData/threeD/3D10.0_20.0_24.0_72.0_19.0_-2.0_0.0_3.0_0.17.json,,,,,
10~20~26~68~18~-2~-2~9~0.28,10,20,26,68,18,-2,-2,9,0.28,54592,670.840455,15120.37661,0.79,https://dl.dropboxusercontent.com/u/16228160/D3TestData/DEImages/10.0_20.0_26.0_72.0_18.0_-4.0_2.0_5.0_0.21_Perspective.png,https://dl.dropboxusercontent.com/u/16228160/D3TestData/threeD/3D10.0_20.0_26.0_68.0_18.0_-2.0_-2.0_9.0_0.28.json,,,,,
10~20~26~72~18~-4~2~5~0.21,10,20,26,72,18,-4,2,5,0.21,59264,757.273637,15723.03591,1.38,https://dl.dropboxusercontent.com/u/16228160/D3TestData/DEImages/10.0_20.0_26.0_78.0_19.0_0.0_2.0_4.0_0.4_Perspective.png,https://dl.dropboxusercontent.com/u/16228160/D3TestData/threeD/3D10.0_20.0_26.0_72.0_18.0_-4.0_2.0_5.0_0.21.json,,,,,
10~20~26~78~19~0~2~4~0.4,10,20,26,78,19,0,2,4,0.4,62240,735.439375,14539.52442,0.25,https://dl.dropboxusercontent.com/u/16228160/D3TestData/DEImages/10.0_20.0_28.0_60.0_16.0_4.0_-4.0_1.0_0.15_Perspective.png,https://dl.dropboxusercontent.com/u/16228160/D3TestData/threeD/3D10.0_20.0_26.0_78.0_19.0_0.0_2.0_4.0_0.4.json,,,,,
10~20~28~60~16~4~-4~1~0.15,10,20,28,60,16,4,-4,1,0.15,55424,518.330729,11507.46969,2.33,https://dl.dropboxusercontent.com/u/16228160/D3TestData/DEImages/10.0_20.0_28.0_62.0_16.0_-4.0_-4.0_6.0_0.38_Perspective.png,https://dl.dropboxusercontent.com/u/16228160/D3TestData/threeD/3D10.0_20.0_28.0_60.0_16.0_4.0_-4.0_1.0_0.15.json,,,,,
10~20~28~62~16~-4~-4~6~0.38,10,20,28,62,16,-4,-4,6,0.38,57408,534.613985,11458.85591,0.32,https://dl.dropboxusercontent.com/u/16228160/D3TestData/DEImages/10.0_20.0_28.0_78.0_19.0_6.0_-2.0_9.0_0.2_Perspective.png,https://dl.dropboxusercontent.com/u/16228160/D3TestData/threeD/3D10.0_20.0_28.0_62.0_16.0_-4.0_-4.0_6.0_0.38.json,,,,,
10~20~28~78~19~6~-2~9~0.2,10,20,28,78,19,6,-2,9,0.2,70976,863.958253,14978.30252,1.5,https://dl.dropboxusercontent.com/u/16228160/D3TestData/DEImages/10.0_20.0_32.0_66.0_14.0_-2.0_-2.0_6.0_0.3_Perspective.png,https://dl.dropboxusercontent.com/u/16228160/D3TestData/threeD/3D10.0_20.0_28.0_78.0_19.0_6.0_-2.0_9.0_0.2.json,,,,,
10~20~32~66~14~0~2~3~0.46,10,20,32,66,14,0,2,3,0.46,64352,808.600245,15461.05793,0.09,https://dl.dropboxusercontent.com/u/16228160/D3TestData/DEImages/10.0_20.0_32.0_66.0_14.0_0.0_2.0_3.0_0.46_Perspective.png,https://dl.dropboxusercontent.com/u/16228160/D3TestData/threeD/3D10.0_20.0_32.0_66.0_14.0_-2.0_-2.0_6.0_0.3.json,,,,,
10~20~32~66~14~-2~-2~6~0.3,10,20,32,66,14,-2,-2,6,0.3,65792,674.171525,12608.67583,0.67,https://dl.dropboxusercontent.com/u/16228160/D3TestData/DEImages/12.0_12.0_26.0_66.0_14.0_-8.0_2.0_4.0_0.44_Perspective.png,https://dl.dropboxusercontent.com/u/16228160/D3TestData/threeD/3D10.0_20.0_32.0_66.0_14.0_0.0_2.0_3.0_0.46.json,,,,,
12~12~26~66~14~-8~2~4~0.44,12,12,26,66,14,-8,2,4,0.44,58080,613.609428,12999.82782,0.14,https://dl.dropboxusercontent.com/u/16228160/D3TestData/DEImages/12.0_12.0_26.0_74.0_18.0_-2.0_-2.0_6.0_0.3_Perspective.png,https://dl.dropboxusercontent.com/u/16228160/D3TestData/threeD/3D12.0_12.0_26.0_66.0_14.0_-8.0_2.0_4.0_0.44.json,,,,,
12~12~26~74~18~-2~-2~6~0.3,12,12,26,74,18,-2,-2,6,0.3,61664,603.848939,12049.41619,0.67,https://dl.dropboxusercontent.com/u/16228160/D3TestData/DEImages/12.0_12.0_26.0_76.0_16.0_6.0_2.0_1.0_0.43_Perspective.png,https://dl.dropboxusercontent.com/u/16228160/D3TestData/threeD/3D12.0_12.0_26.0_74.0_18.0_-2.0_-2.0_6.0_0.3.json,,,,,
12~12~26~76~16~6~2~1~0.43,12,12,26,76,16,6,2,1,0.43,65728,671.275418,12566.79041,0.16,https://dl.dropboxusercontent.com/u/16228160/D3TestData/DEImages/12.0_12.0_28.0_60.0_16.0_6.0_-4.0_1.0_0.25_Perspective.png,https://dl.dropboxusercontent.com/u/16228160/D3TestData/threeD/3D12.0_12.0_26.0_76.0_16.0_6.0_2.0_1.0_0.43.json,,,,,
12~12~28~60~16~6~-4~1~0.25,12,12,28,60,16,6,-4,1,0.25,58368,462.395351,9747.978344,1,https://dl.dropboxusercontent.com/u/16228160/D3TestData/DEImages/12.0_12.0_28.0_60.0_16.0_6.0_-4.0_1.0_0.26_Perspective.png,https://dl.dropboxusercontent.com/u/16228160/D3TestData/threeD/3D12.0_12.0_28.0_60.0_16.0_6.0_-4.0_1.0_0.25.json,,,,,
12~12~28~60~16~6~-4~1~0.26,12,12,28,60,16,6,-4,1,0.26,58368,462.395351,9747.978344,0.92,https://dl.dropboxusercontent.com/u/16228160/D3TestData/DEImages/12.0_12.0_28.0_60.0_17.0_-8.0_-2.0_8.0_0.4_Perspective.png,https://dl.dropboxusercontent.com/u/16228160/D3TestData/threeD/3D12.0_12.0_28.0_60.0_16.0_6.0_-4.0_1.0_0.26.json,,,,,
12~12~28~60~17~-8~-2~8~0.4,12,12,28,60,17,-8,-2,8,0.4,57024,739.625821,15959.94669,0.25,https://dl.dropboxusercontent.com/u/16228160/D3TestData/DEImages/12.0_12.0_28.0_64.0_18.0_0.0_2.0_8.0_0.47_Perspective.png,https://dl.dropboxusercontent.com/u/16228160/D3TestData/threeD/3D12.0_12.0_28.0_60.0_17.0_-8.0_-2.0_8.0_0.4.json,,,,,
12~12~28~64~18~0~2~8~0.47,12,12,28,64,18,0,2,8,0.47,55808,680.646004,15006.98825,0.06,https://dl.dropboxusercontent.com/u/16228160/D3TestData/DEImages/12.0_12.0_28.0_64.0_18.0_2.0_0.0_0.0_0.46_Perspective.png,https://dl.dropboxusercontent.com/u/16228160/D3TestData/threeD/3D12.0_12.0_28.0_64.0_18.0_0.0_2.0_8.0_0.47.json,,,,,
12~12~28~64~18~2~0~0~0.46,12,12,28,64,18,2,0,0,0.46,54080,351.021258,7986.871302,0.09,https://dl.dropboxusercontent.com/u/16228160/D3TestData/DEImages/12.0_12.0_28.0_66.0_16.0_-2.0_-2.0_6.0_0.33_Perspective.png,https://dl.dropboxusercontent.com/u/16228160/D3TestData/threeD/3D12.0_12.0_28.0_64.0_18.0_2.0_0.0_0.0_0.46.json,,,,,
12~12~28~66~16~0~-2~5~0.34,12,12,28,66,16,0,-2,5,0.34,57696,682.765978,14561.49473,0.47,https://dl.dropboxusercontent.com/u/16228160/D3TestData/DEImages/12.0_12.0_28.0_66.0_16.0_0.0_-2.0_5.0_0.34_Perspective.png,https://dl.dropboxusercontent.com/u/16228160/D3TestData/threeD/3D12.0_12.0_28.0_66.0_16.0_-2.0_-2.0_6.0_0.33.json,,,,,
12~12~28~66~16~-2~-2~6~0.33,12,12,28,66,16,-2,-2,6,0.33,58944,666.213969,13907.43757,0.52,https://dl.dropboxusercontent.com/u/16228160/D3TestData/DEImages/12.0_12.0_28.0_66.0_17.0_2.0_0.0_0.0_0.1_Perspective.png,https://dl.dropboxusercontent.com/u/16228160/D3TestData/threeD/3D12.0_12.0_28.0_66.0_16.0_0.0_-2.0_5.0_0.34.json,,,,,
12~12~28~66~17~2~0~0~0.1,12,12,28,66,17,2,0,0,0.1,55872,363.645521,8008.662658,4,https://dl.dropboxusercontent.com/u/16228160/D3TestData/DEImages/12.0_12.0_28.0_66.0_18.0_4.0_-2.0_0.0_0.05_Perspective.png,https://dl.dropboxusercontent.com/u/16228160/D3TestData/threeD/3D12.0_12.0_28.0_66.0_17.0_2.0_0.0_0.0_0.1.json,,,,,
12~12~28~66~18~4~-2~0~0.05,12,12,28,66,18,4,-2,0,0.05,60192,769.805628,15736.80888,9,https://dl.dropboxusercontent.com/u/16228160/D3TestData/DEImages/12.0_12.0_28.0_70.0_15.0_-2.0_-2.0_6.0_0.4_Perspective.png,https://dl.dropboxusercontent.com/u/16228160/D3TestData/threeD/3D12.0_12.0_28.0_66.0_18.0_4.0_-2.0_0.0_0.05.json,,,,,
12~12~28~70~15~-2~-2~6~0.4,12,12,28,70,15,-2,-2,6,0.4,62720,684.810725,13435.10842,0.25,https://dl.dropboxusercontent.com/u/16228160/D3TestData/DEImages/12.0_12.0_28.0_70.0_15.0_-2.0_-4.0_6.0_0.3_Perspective.png,https://dl.dropboxusercontent.com/u/16228160/D3TestData/threeD/3D12.0_12.0_28.0_70.0_15.0_-2.0_-2.0_6.0_0.4.json,,,,,
12~12~28~70~15~-2~-4~6~0.3,12,12,28,70,15,-2,-4,6,0.3,65984,369.895367,6897.884336,0.67,https://dl.dropboxusercontent.com/u/16228160/D3TestData/DEImages/12.0_12.0_28.0_70.0_16.0_-2.0_-4.0_1.0_0.29_Perspective.png,https://dl.dropboxusercontent.com/u/16228160/D3TestData/threeD/3D12.0_12.0_28.0_70.0_15.0_-2.0_-4.0_6.0_0.3.json,,,,,
12~12~28~70~16~-2~-4~1~0.29,12,12,28,70,16,-2,-4,1,0.29,65984,375.033785,6993.665131,0.72,https://dl.dropboxusercontent.com/u/16228160/D3TestData/DEImages/12.0_12.0_30.0_66.0_16.0_2.0_0.0_5.0_0.38_Perspective.png,https://dl.dropboxusercontent.com/u/16228160/D3TestData/threeD/3D12.0_12.0_28.0_70.0_16.0_-2.0_-4.0_1.0_0.29.json,,,,,
12~12~30~66~16~2~0~5~0.38,12,12,30,66,16,2,0,5,0.38,60192,375.542596,7677.099947,0.32,https://dl.dropboxusercontent.com/u/16228160/D3TestData/DEImages/12.0_12.0_32.0_60.0_16.0_-8.0_2.0_4.0_0.03_Perspective.png,https://dl.dropboxusercontent.com/u/16228160/D3TestData/threeD/3D12.0_12.0_30.0_66.0_16.0_2.0_0.0_5.0_0.38.json,,,,,
12~12~32~60~16~-8~2~4~0.03,12,12,32,60,16,-8,2,4,0.03,65472,902.013359,16952.28495,15.67,https://dl.dropboxusercontent.com/u/16228160/D3TestData/DEImages/12.0_12.0_32.0_62.0_18.0_4.0_-4.0_0.0_0.1_Perspective.png,https://dl.dropboxusercontent.com/u/16228160/D3TestData/threeD/3D12.0_12.0_32.0_60.0_16.0_-8.0_2.0_4.0_0.03.json,,,,,
12~12~32~62~18~4~-4~0~0.1,12,12,32,62,18,4,-4,0,0.1,67520,706.78898,12880.33175,4,https://dl.dropboxusercontent.com/u/16228160/D3TestData/DEImages/12.0_14.0_24.0_74.0_14.0_-2.0_2.0_9.0_0.25_Perspective.png,https://dl.dropboxusercontent.com/u/16228160/D3TestData/threeD/3D12.0_12.0_32.0_62.0_18.0_4.0_-4.0_0.0_0.1.json,,,,,
12~14~24~74~14~-2~2~9~0.25,12,14,24,74,14,-2,2,9,0.25,56064,572.758954,12570.63356,1,https://dl.dropboxusercontent.com/u/16228160/D3TestData/DEImages/12.0_14.0_24.0_76.0_14.0_0.0_-4.0_7.0_0.18_Perspective.png,https://dl.dropboxusercontent.com/u/16228160/D3TestData/threeD/3D12.0_14.0_24.0_74.0_14.0_-2.0_2.0_9.0_0.25.json,,,,,
12~14~24~76~14~0~-4~7~0.18,12,14,24,76,14,0,-4,7,0.18,60288,382.265307,7802.050159,1.78,https://dl.dropboxusercontent.com/u/16228160/D3TestData/DEImages/12.0_14.0_26.0_62.0_15.0_-2.0_0.0_8.0_0.44_Perspective.png,https://dl.dropboxusercontent.com/u/16228160/D3TestData/threeD/3D12.0_14.0_24.0_76.0_14.0_0.0_-4.0_7.0_0.18.json,,,,,
12~14~26~62~15~-2~0~8~0.44,12,14,26,62,15,-2,0,8,0.44,47456,327.527237,8492.287593,0.14,https://dl.dropboxusercontent.com/u/16228160/D3TestData/DEImages/12.0_14.0_26.0_64.0_16.0_2.0_0.0_8.0_0.46_Perspective.png,https://dl.dropboxusercontent.com/u/16228160/D3TestData/threeD/3D12.0_14.0_26.0_62.0_15.0_-2.0_0.0_8.0_0.44.json,,,,,
12~14~26~64~16~2~0~8~0.46,12,14,26,64,16,2,0,8,0.46,49120,335.512931,8404.723127,0.09,https://dl.dropboxusercontent.com/u/16228160/D3TestData/DEImages/12.0_14.0_26.0_66.0_14.0_2.0_-4.0_0.0_0.45_Perspective.png,https://dl.dropboxusercontent.com/u/16228160/D3TestData/threeD/3D12.0_14.0_26.0_64.0_16.0_2.0_0.0_8.0_0.46.json,,,,,
12~14~26~66~14~2~-4~0~0.45,12,14,26,66,14,2,-4,0,0.45,56928,337.788636,7301.152333,0.11,https://dl.dropboxusercontent.com/u/16228160/D3TestData/DEImages/12.0_14.0_26.0_68.0_16.0_-6.0_-2.0_7.0_0.22_Perspective.png,https://dl.dropboxusercontent.com/u/16228160/D3TestData/threeD/3D12.0_14.0_26.0_66.0_14.0_2.0_-4.0_0.0_0.45.json,,,,,
12~14~26~68~16~-6~-2~7~0.22,12,14,26,68,16,-6,-2,7,0.22,57920,624.259633,13262.08564,1.27,https://dl.dropboxusercontent.com/u/16228160/D3TestData/DEImages/12.0_14.0_26.0_70.0_17.0_-2.0_2.0_8.0_0.1_Perspective.png,https://dl.dropboxusercontent.com/u/16228160/D3TestData/threeD/3D12.0_14.0_26.0_68.0_16.0_-6.0_-2.0_7.0_0.22.json,,,,,
12~14~26~70~17~-2~2~8~0.1,12,14,26,70,17,-2,2,8,0.1,57376,575.972328,12352.3773,4,https://dl.dropboxusercontent.com/u/16228160/D3TestData/DEImages/12.0_14.0_28.0_64.0_14.0_-2.0_0.0_6.0_0.33_Perspective.png,https://dl.dropboxusercontent.com/u/16228160/D3TestData/threeD/3D12.0_14.0_26.0_70.0_17.0_-2.0_2.0_8.0_0.1.json,,,,,
12~14~28~64~14~-2~0~6~0.33,12,14,28,64,14,-2,0,6,0.33,53312,337.860763,7798.056723,0.52,https://dl.dropboxusercontent.com/u/16228160/D3TestData/DEImages/12.0_14.0_28.0_72.0_16.0_-4.0_-2.0_1.0_0.18_Perspective.png,https://dl.dropboxusercontent.com/u/16228160/D3TestData/threeD/3D12.0_14.0_28.0_64.0_14.0_-2.0_0.0_6.0_0.33.json,,,,,
12~14~28~72~16~-4~-2~1~0.18,12,14,28,72,16,-4,-2,1,0.18,65088,804.093757,15201.41962,1.78,https://dl.dropboxusercontent.com/u/16228160/D3TestData/DEImages/12.0_14.0_30.0_72.0_14.0_0.0_0.0_6.0_0.12_Perspective.png,https://dl.dropboxusercontent.com/u/16228160/D3TestData/threeD/3D12.0_14.0_28.0_72.0_16.0_-4.0_-2.0_1.0_0.18.json,,,,,
12~14~30~72~14~0~0~6~0.12,12,14,30,72,14,0,0,6,0.12,63744,424.72273,8198.575552,3.17,https://dl.dropboxusercontent.com/u/16228160/D3TestData/DEImages/12.0_14.0_32.0_76.0_14.0_2.0_2.0_8.0_0.03_Perspective.png,https://dl.dropboxusercontent.com/u/16228160/D3TestData/threeD/3D12.0_14.0_30.0_72.0_14.0_0.0_0.0_6.0_0.12.json,,,,,
12~14~32~76~14~2~2~8~0.03,12,14,32,76,14,2,2,8,0.03,77536,743.383754,11797.22967,15.67,https://dl.dropboxusercontent.com/u/16228160/D3TestData/DEImages/12.0_16.0_24.0_70.0_15.0_-2.0_-4.0_1.0_0.37_Perspective.png,https://dl.dropboxusercontent.com/u/16228160/D3TestData/threeD/3D12.0_14.0_32.0_76.0_14.0_2.0_2.0_8.0_0.03.json,,,,,
12~16~24~70~15~-2~-4~1~0.37,12,16,24,70,15,-2,-4,1,0.37,55296,336.74015,7493.308738,0.35,https://dl.dropboxusercontent.com/u/16228160/D3TestData/DEImages/12.0_16.0_24.0_72.0_18.0_0.0_-2.0_5.0_0.4_Perspective.png,https://dl.dropboxusercontent.com/u/16228160/D3TestData/threeD/3D12.0_16.0_24.0_70.0_15.0_-2.0_-4.0_1.0_0.37.json,,,,,
12~16~24~72~18~0~-2~5~0.4,12,16,24,72,18,0,-2,5,0.4,52608,552.549243,12923.8899,0.25,https://dl.dropboxusercontent.com/u/16228160/D3TestData/DEImages/12.0_16.0_24.0_76.0_17.0_4.0_0.0_1.0_0.28_Perspective.png,https://dl.dropboxusercontent.com/u/16228160/D3TestData/threeD/3D12.0_16.0_24.0_72.0_18.0_0.0_-2.0_5.0_0.4.json,,,,,
12~16~24~76~17~4~0~1~0.28,12,16,24,76,17,4,0,1,0.28,54528,357.780577,8073.650235,0.79,https://dl.dropboxusercontent.com/u/16228160/D3TestData/DEImages/12.0_16.0_26.0_62.0_15.0_-8.0_0.0_9.0_0.48_Perspective.png,https://dl.dropboxusercontent.com/u/16228160/D3TestData/threeD/3D12.0_16.0_24.0_76.0_17.0_4.0_0.0_1.0_0.28.json,,,,,
12~16~26~62~15~-8~0~9~0.48,12,16,26,62,15,-8,0,9,0.48,50432,401.13395,9787.238261,0.04,https://dl.dropboxusercontent.com/u/16228160/D3TestData/DEImages/12.0_16.0_26.0_62.0_16.0_-8.0_0.0_9.0_0.48_Perspective.png,https://dl.dropboxusercontent.com/u/16228160/D3TestData/threeD/3D12.0_16.0_26.0_62.0_15.0_-8.0_0.0_9.0_0.48.json,,,,,
12~16~26~62~16~-8~0~9~0.48,12,16,26,62,16,-8,0,9,0.48,50432,406.926956,9928.616751,0.04,https://dl.dropboxusercontent.com/u/16228160/D3TestData/DEImages/12.0_16.0_26.0_64.0_19.0_-2.0_-2.0_7.0_0.1_Perspective.png,https://dl.dropboxusercontent.com/u/16228160/D3TestData/threeD/3D12.0_16.0_26.0_62.0_16.0_-8.0_0.0_9.0_0.48.json,,,,,
12~16~26~64~19~-2~-2~7~0.1,12,16,26,64,19,-2,-2,7,0.1,51328,555.455897,13315.77696,4,https://dl.dropboxusercontent.com/u/16228160/D3TestData/DEImages/12.0_16.0_26.0_74.0_18.0_4.0_-2.0_2.0_0.05_Perspective.png,https://dl.dropboxusercontent.com/u/16228160/D3TestData/threeD/3D12.0_16.0_26.0_64.0_19.0_-2.0_-2.0_7.0_0.1.json,,,,,
12~16~26~74~18~4~-2~2~0.05,12,16,26,74,18,4,-2,2,0.05,61280,670.309526,13459.69321,9,https://dl.dropboxusercontent.com/u/16228160/D3TestData/DEImages/12.0_16.0_28.0_64.0_18.0_-2.0_-2.0_2.0_0.32_Perspective.png,https://dl.dropboxusercontent.com/u/16228160/D3TestData/threeD/3D12.0_16.0_26.0_74.0_18.0_4.0_-2.0_2.0_0.05.json,,,,,
12~16~28~64~18~-2~-2~2~0.32,12,16,28,64,18,-2,-2,2,0.32,55520,659.36677,14613.41499,0.56,https://dl.dropboxusercontent.com/u/16228160/D3TestData/DEImages/12.0_16.0_32.0_62.0_15.0_4.0_-4.0_3.0_0.08_Perspective.png,https://dl.dropboxusercontent.com/u/16228160/D3TestData/threeD/3D12.0_16.0_28.0_64.0_18.0_-2.0_-2.0_2.0_0.32.json,,,,,
12~16~32~62~15~4~-4~3~0.08,12,16,32,62,15,4,-4,3,0.08,65984,680.350247,12687.01503,5.25,https://dl.dropboxusercontent.com/u/16228160/D3TestData/DEImages/12.0_16.0_32.0_64.0_14.0_6.0_0.0_8.0_0.21_Perspective.png,https://dl.dropboxusercontent.com/u/16228160/D3TestData/threeD/3D12.0_16.0_32.0_62.0_15.0_4.0_-4.0_3.0_0.08.json,,,,,
12~16~32~64~14~6~0~8~0.21,12,16,32,64,14,6,0,8,0.21,64000,541.883558,10418.4375,1.38,https://dl.dropboxusercontent.com/u/16228160/D3TestData/DEImages/12.0_16.0_32.0_66.0_18.0_6.0_0.0_3.0_0.32_Perspective.png,https://dl.dropboxusercontent.com/u/16228160/D3TestData/threeD/3D12.0_16.0_32.0_64.0_14.0_6.0_0.0_8.0_0.21.json,,,,,
12~16~32~66~18~6~0~3~0.32,12,16,32,66,18,6,0,3,0.32,66048,576.307901,10736.58551,0.56,https://dl.dropboxusercontent.com/u/16228160/D3TestData/DEImages/12.0_18.0_26.0_68.0_17.0_-2.0_0.0_7.0_0.18_Perspective.png,https://dl.dropboxusercontent.com/u/16228160/D3TestData/threeD/3D12.0_16.0_32.0_66.0_18.0_6.0_0.0_3.0_0.32.json,,,,,
12~18~26~68~17~-2~0~7~0.18,12,18,26,68,17,-2,0,7,0.18,50912,364.85339,8817.960402,1.78,https://dl.dropboxusercontent.com/u/16228160/D3TestData/DEImages/12.0_18.0_26.0_70.0_14.0_0.0_-4.0_6.0_0.2_Perspective.png,https://dl.dropboxusercontent.com/u/16228160/D3TestData/threeD/3D12.0_18.0_26.0_68.0_17.0_-2.0_0.0_7.0_0.18.json,,,,,
12~18~26~70~14~0~-4~6~0.2,12,18,26,70,14,0,-4,6,0.2,58048,367.075857,7781.146637,1.5,https://dl.dropboxusercontent.com/u/16228160/D3TestData/DEImages/12.0_18.0_26.0_70.0_16.0_-2.0_0.0_1.0_0.15_Perspective.png,https://dl.dropboxusercontent.com/u/16228160/D3TestData/threeD/3D12.0_18.0_26.0_70.0_14.0_0.0_-4.0_6.0_0.2.json,,,,,
12~18~26~70~16~-2~0~1~0.15,12,18,26,70,16,-2,0,1,0.15,52576,361.224445,8454.047474,2.33,https://dl.dropboxusercontent.com/u/16228160/D3TestData/DEImages/12.0_18.0_26.0_72.0_17.0_-8.0_-2.0_3.0_0.13_Perspective.png,https://dl.dropboxusercontent.com/u/16228160/D3TestData/threeD/3D12.0_18.0_26.0_70.0_16.0_-2.0_0.0_1.0_0.15.json,,,,,
12~18~26~72~17~-8~-2~3~0.13,12,18,26,72,17,-8,-2,3,0.13,61056,659.834505,13297.79219,2.85,https://dl.dropboxusercontent.com/u/16228160/D3TestData/DEImages/12.0_18.0_26.0_78.0_18.0_0.0_-2.0_9.0_0.47_Perspective.png,https://dl.dropboxusercontent.com/u/16228160/D3TestData/threeD/3D12.0_18.0_26.0_72.0_17.0_-8.0_-2.0_3.0_0.13.json,,,,,
12~18~26~78~18~0~-2~9~0.47,12,18,26,78,18,0,-2,9,0.47,61728,627.48371,12508.10005,0.06,https://dl.dropboxusercontent.com/u/16228160/D3TestData/DEImages/12.0_18.0_30.0_60.0_16.0_-8.0_-4.0_9.0_0.04_Perspective.png,https://dl.dropboxusercontent.com/u/16228160/D3TestData/threeD/3D12.0_18.0_26.0_78.0_18.0_0.0_-2.0_9.0_0.47.json,,,,,
12~18~30~60~16~-8~-4~9~0.04,12,18,30,60,16,-8,-4,9,0.04,61440,626.631511,12549.80469,11.5,https://dl.dropboxusercontent.com/u/16228160/D3TestData/DEImages/12.0_18.0_30.0_72.0_14.0_2.0_-4.0_9.0_0.48_Perspective.png,https://dl.dropboxusercontent.com/u/16228160/D3TestData/threeD/3D12.0_18.0_30.0_60.0_16.0_-8.0_-4.0_9.0_0.04.json,,,,,
12~18~30~72~14~2~-4~9~0.48,12,18,30,72,14,2,-4,9,0.48,70368,446.419691,7806.247158,0.04,https://dl.dropboxusercontent.com/u/16228160/D3TestData/DEImages/12.0_18.0_32.0_60.0_17.0_4.0_-4.0_8.0_0.19_Perspective.png,https://dl.dropboxusercontent.com/u/16228160/D3TestData/threeD/3D12.0_18.0_30.0_72.0_14.0_2.0_-4.0_9.0_0.48.json,,,,,
12~18~32~60~17~4~-4~8~0.19,12,18,32,60,17,4,-4,8,0.19,62976,688.057415,13443.69284,1.63,https://dl.dropboxusercontent.com/u/16228160/D3TestData/DEImages/12.0_18.0_32.0_68.0_16.0_-4.0_-2.0_0.0_0.37_Perspective.png,https://dl.dropboxusercontent.com/u/16228160/D3TestData/threeD/3D12.0_18.0_32.0_60.0_17.0_4.0_-4.0_8.0_0.19.json,,,,,
12~18~32~68~16~-4~-2~0~0.37,12,18,32,68,16,-4,-2,0,0.37,68864,935.160096,16709.74675,0.35,https://dl.dropboxusercontent.com/u/16228160/D3TestData/DEImages/12.0_20.0_24.0_62.0_15.0_4.0_-2.0_5.0_0.34_Perspective.png,https://dl.dropboxusercontent.com/u/16228160/D3TestData/threeD/3D12.0_18.0_32.0_68.0_16.0_-4.0_-2.0_0.0_0.37.json,,,,,
12~20~24~62~15~4~-2~5~0.34,12,20,24,62,15,4,-2,5,0.34,45024,520.356662,14221.08209,0.47,https://dl.dropboxusercontent.com/u/16228160/D3TestData/DEImages/12.0_20.0_24.0_78.0_18.0_4.0_0.0_1.0_0.14_Perspective.png,https://dl.dropboxusercontent.com/u/16228160/D3TestData/threeD/3D12.0_20.0_24.0_62.0_15.0_4.0_-2.0_5.0_0.34.json,,,,,
12~20~24~78~18~4~0~1~0.14,12,20,24,78,18,4,0,1,0.14,54528,390.197309,8805.200998,2.57,https://dl.dropboxusercontent.com/u/16228160/D3TestData/DEImages/12.0_20.0_26.0_72.0_18.0_-6.0_-4.0_5.0_0.18_Perspective.png,https://dl.dropboxusercontent.com/u/16228160/D3TestData/threeD/3D12.0_20.0_24.0_78.0_18.0_4.0_0.0_1.0_0.14.json,,,,,
12~20~26~72~18~-6~-4~5~0.18,12,20,26,72,18,-6,-4,5,0.18,62304,516.545687,10201.59219,1.78,https://dl.dropboxusercontent.com/u/16228160/D3TestData/DEImages/12.0_20.0_28.0_70.0_19.0_-2.0_-4.0_8.0_0.24_Perspective.png,https://dl.dropboxusercontent.com/u/16228160/D3TestData/threeD/3D12.0_20.0_26.0_72.0_18.0_-6.0_-4.0_5.0_0.18.json,,,,,
12~20~28~70~19~-2~-4~8~0.24,12,20,28,70,19,-2,-4,8,0.24,62912,412.189987,8061.895982,1.08,https://dl.dropboxusercontent.com/u/16228160/D3TestData/DEImages/12.0_20.0_30.0_74.0_18.0_6.0_-4.0_7.0_0.35_Perspective.png,https://dl.dropboxusercontent.com/u/16228160/D3TestData/threeD/3D12.0_20.0_28.0_70.0_19.0_-2.0_-4.0_8.0_0.24.json,,,,,
12~20~30~74~18~6~-4~7~0.35,12,20,30,74,18,6,-4,7,0.35,74208,754.47908,12510.37624,0.43,https://dl.dropboxusercontent.com/u/16228160/D3TestData/DEImages/12.0_20.0_32.0_74.0_15.0_4.0_-4.0_3.0_0.14_Perspective.png,https://dl.dropboxusercontent.com/u/16228160/D3TestData/threeD/3D12.0_20.0_30.0_74.0_18.0_6.0_-4.0_7.0_0.35.json,,,,,
12~20~32~74~15~4~-4~3~0.14,12,20,32,74,15,4,-4,3,0.14,77888,788.782708,12461.09799,2.57,https://dl.dropboxusercontent.com/u/16228160/D3TestData/DEImages/14.0_12.0_26.0_74.0_18.0_-2.0_-2.0_6.0_0.3_Perspective.png,https://dl.dropboxusercontent.com/u/16228160/D3TestData/threeD/3D12.0_20.0_32.0_74.0_15.0_4.0_-4.0_3.0_0.14.json,,,,,
14~12~26~74~18~-2~-2~6~0.3,14,12,26,74,18,-2,-2,6,0.3,60896,603.848939,12201.3794,0.67,https://dl.dropboxusercontent.com/u/16228160/D3TestData/DEImages/14.0_12.0_28.0_70.0_17.0_0.0_2.0_4.0_0.13_Perspective.png,https://dl.dropboxusercontent.com/u/16228160/D3TestData/threeD/3D14.0_12.0_26.0_74.0_18.0_-2.0_-2.0_6.0_0.3.json,,,,,
14~12~28~70~17~0~2~4~0.13,14,12,28,70,17,0,2,4,0.13,60704,611.082419,12386.66315,2.85,https://dl.dropboxusercontent.com/u/16228160/D3TestData/DEImages/14.0_12.0_28.0_78.0_14.0_-4.0_-4.0_1.0_0.44_Perspective.png,https://dl.dropboxusercontent.com/u/16228160/D3TestData/threeD/3D14.0_12.0_28.0_70.0_17.0_0.0_2.0_4.0_0.13.json,,,,,
14~12~28~78~14~-4~-4~1~0.44,14,12,28,78,14,-4,-4,1,0.44,74304,551.938412,9140.153962,0.14,https://dl.dropboxusercontent.com/u/16228160/D3TestData/DEImages/14.0_12.0_28.0_78.0_19.0_0.0_0.0_1.0_0.1_Perspective.png,https://dl.dropboxusercontent.com/u/16228160/D3TestData/threeD/3D14.0_12.0_28.0_78.0_14.0_-4.0_-4.0_1.0_0.44.json,,,,,
14~12~28~78~19~0~0~1~0.1,14,12,28,78,19,0,0,1,0.1,64512,474.325632,9047.154018,4,https://dl.dropboxusercontent.com/u/16228160/D3TestData/DEImages/14.0_12.0_30.0_64.0_14.0_-4.0_0.0_5.0_0.11_Perspective.png,https://dl.dropboxusercontent.com/u/16228160/D3TestData/threeD/3D14.0_12.0_28.0_78.0_19.0_0.0_0.0_1.0_0.1.json,,,,,
14~12~30~64~14~-4~0~5~0.11,14,12,30,64,14,-4,0,5,0.11,58944,683.475328,14267.94924,3.55,https://dl.dropboxusercontent.com/u/16228160/D3TestData/DEImages/14.0_12.0_30.0_76.0_16.0_-6.0_-2.0_1.0_0.22_Perspective.png,https://dl.dropboxusercontent.com/u/16228160/D3TestData/threeD/3D14.0_12.0_30.0_64.0_14.0_-4.0_0.0_5.0_0.11.json,,,,,
14~12~30~76~16~-6~-2~1~0.22,14,12,30,76,16,-6,-2,1,0.22,75264,890.541527,14559.41752,1.27,https://dl.dropboxusercontent.com/u/16228160/D3TestData/DEImages/14.0_12.0_32.0_70.0_19.0_-4.0_-2.0_1.0_0.31_Perspective.png,https://dl.dropboxusercontent.com/u/16228160/D3TestData/threeD/3D14.0_12.0_30.0_76.0_16.0_-6.0_-2.0_1.0_0.22.json,,,,,
14~12~32~70~19~-4~-2~1~0.31,14,12,32,70,19,-4,-2,1,0.31,72544,974.022447,16521.00794,0.61,https://dl.dropboxusercontent.com/u/16228160/D3TestData/DEImages/14.0_14.0_28.0_66.0_18.0_0.0_-2.0_1.0_0.11_Perspective.png,https://dl.dropboxusercontent.com/u/16228160/D3TestData/threeD/3D14.0_12.0_32.0_70.0_19.0_-4.0_-2.0_1.0_0.31.json,,,,,
14~14~28~66~18~0~-2~1~0.11,14,14,28,66,18,0,-2,1,0.11,56032,591.312203,12985.25842,3.55,https://dl.dropboxusercontent.com/u/16228160/D3TestData/DEImages/14.0_14.0_28.0_66.0_19.0_-6.0_-4.0_1.0_0.19_Perspective.png,https://dl.dropboxusercontent.com/u/16228160/D3TestData/threeD/3D14.0_14.0_28.0_66.0_18.0_0.0_-2.0_1.0_0.11.json,,,,,
14~14~28~66~19~-6~-4~1~0.19,14,14,28,66,19,-6,-4,1,0.19,62656,520.122519,10214.5046,1.63,https://dl.dropboxusercontent.com/u/16228160/D3TestData/DEImages/14.0_14.0_28.0_70.0_18.0_0.0_-2.0_5.0_0.05_Perspective.png,https://dl.dropboxusercontent.com/u/16228160/D3TestData/threeD/3D14.0_14.0_28.0_66.0_19.0_-6.0_-4.0_1.0_0.19.json,,,,,
14~14~28~70~18~0~-2~5~0.05,14,14,28,70,18,0,-2,5,0.05,59808,614.553525,12643.79347,9,https://dl.dropboxusercontent.com/u/16228160/D3TestData/DEImages/14.0_14.0_28.0_74.0_15.0_-8.0_-2.0_0.0_0.01_Perspective.png,https://dl.dropboxusercontent.com/u/16228160/D3TestData/threeD/3D14.0_14.0_28.0_70.0_18.0_0.0_-2.0_5.0_0.05.json,,,,,
14~14~28~74~15~0~2~4~0.4,14,14,28,74,15,0,2,4,0.4,63584,634.13495,12271.64066,0.25,https://dl.dropboxusercontent.com/u/16228160/D3TestData/DEImages/14.0_14.0_28.0_74.0_15.0_0.0_2.0_4.0_0.4_Perspective.png,https://dl.dropboxusercontent.com/u/16228160/D3TestData/threeD/3D14.0_14.0_28.0_74.0_15.0_-8.0_-2.0_0.0_0.01.json,,,,,
14~14~28~74~15~-8~-2~0~0.01,14,14,28,74,15,-8,-2,0,0.01,68576,705.143003,12652.5315,49,https://dl.dropboxusercontent.com/u/16228160/D3TestData/DEImages/14.0_14.0_28.0_74.0_18.0_4.0_-2.0_9.0_0.04_Perspective.png,https://dl.dropboxusercontent.com/u/16228160/D3TestData/threeD/3D14.0_14.0_28.0_74.0_15.0_0.0_2.0_4.0_0.4.json,,,,,
14~14~28~74~18~4~-2~9~0.04,14,14,28,74,18,4,-2,9,0.04,66080,715.153735,13316.88862,11.5,https://dl.dropboxusercontent.com/u/16228160/D3TestData/DEImages/14.0_14.0_30.0_62.0_15.0_-4.0_0.0_6.0_0.32_Perspective.png,https://dl.dropboxusercontent.com/u/16228160/D3TestData/threeD/3D14.0_14.0_28.0_74.0_18.0_4.0_-2.0_9.0_0.04.json,,,,,
14~14~30~62~15~-4~0~6~0.32,14,14,30,62,15,-4,0,6,0.32,56128,471.800763,10343.14424,0.56,https://dl.dropboxusercontent.com/u/16228160/D3TestData/DEImages/14.0_14.0_30.0_74.0_14.0_-4.0_-4.0_1.0_0.2_Perspective.png,https://dl.dropboxusercontent.com/u/16228160/D3TestData/threeD/3D14.0_14.0_30.0_62.0_15.0_-4.0_0.0_6.0_0.32.json,,,,,
14~14~30~74~14~-4~-4~1~0.2,14,14,30,74,14,-4,-4,1,0.2,74368,628.925506,10406.08864,1.5,https://dl.dropboxusercontent.com/u/16228160/D3TestData/DEImages/14.0_14.0_30.0_78.0_16.0_-4.0_-2.0_1.0_0.08_Perspective.png,https://dl.dropboxusercontent.com/u/16228160/D3TestData/threeD/3D14.0_14.0_30.0_74.0_14.0_-4.0_-4.0_1.0_0.2.json,,,,,
14~14~30~78~16~-4~-2~1~0.08,14,14,30,78,16,-4,-2,1,0.08,75040,892.857257,14640.1919,5.25,https://dl.dropboxusercontent.com/u/16228160/D3TestData/DEImages/14.0_14.0_32.0_62.0_14.0_0.0_-2.0_2.0_0.12_Perspective.png,https://dl.dropboxusercontent.com/u/16228160/D3TestData/threeD/3D14.0_14.0_30.0_78.0_16.0_-4.0_-2.0_1.0_0.08.json,,,,,
14~14~32~62~14~0~-2~2~0.12,14,14,32,62,14,0,-2,2,0.12,60192,790.271384,16155.30303,3.17,https://dl.dropboxusercontent.com/u/16228160/D3TestData/DEImages/14.0_14.0_32.0_62.0_16.0_2.0_-4.0_7.0_0.21_Perspective.png,https://dl.dropboxusercontent.com/u/16228160/D3TestData/threeD/3D14.0_14.0_32.0_62.0_14.0_0.0_-2.0_2.0_0.12.json,,,,,
14~14~32~62~16~2~-4~7~0.21,14,14,32,62,16,2,-4,7,0.21,64512,406.528825,7753.90625,1.38,https://dl.dropboxusercontent.com/u/16228160/D3TestData/DEImages/14.0_16.0_24.0_68.0_15.0_-6.0_-2.0_5.0_0.46_Perspective.png,https://dl.dropboxusercontent.com/u/16228160/D3TestData/threeD/3D14.0_14.0_32.0_62.0_16.0_2.0_-4.0_7.0_0.21.json,,,,,
14~16~24~68~15~-6~-2~5~0.46,14,16,24,68,15,-6,-2,5,0.46,51488,560.622501,13397.87912,0.09,https://dl.dropboxusercontent.com/u/16228160/D3TestData/DEImages/14.0_16.0_28.0_60.0_18.0_-4.0_0.0_3.0_0.07_Perspective.png,https://dl.dropboxusercontent.com/u/16228160/D3TestData/threeD/3D14.0_16.0_24.0_68.0_15.0_-6.0_-2.0_5.0_0.46.json,,,,,
14~16~28~60~18~-4~0~3~0.07,14,16,28,60,18,-4,0,3,0.07,49280,421.026964,10512.58117,6.14,https://dl.dropboxusercontent.com/u/16228160/D3TestData/DEImages/14.0_16.0_28.0_62.0_19.0_-4.0_0.0_8.0_0.04_Perspective.png,https://dl.dropboxusercontent.com/u/16228160/D3TestData/threeD/3D14.0_16.0_28.0_60.0_18.0_-4.0_0.0_3.0_0.07.json,,,,,
14~16~28~62~19~-4~0~8~0.04,14,16,28,62,19,-4,0,8,0.04,51072,439.939838,10599.34994,11.5,https://dl.dropboxusercontent.com/u/16228160/D3TestData/DEImages/14.0_16.0_28.0_66.0_17.0_-2.0_-4.0_5.0_0.28_Perspective.png,https://dl.dropboxusercontent.com/u/16228160/D3TestData/threeD/3D14.0_16.0_28.0_62.0_19.0_-4.0_0.0_8.0_0.04.json,,,,,
14~16~28~66~17~-2~-4~5~0.28,14,16,28,66,17,-2,-4,5,0.28,59456,370.501351,7667.687029,0.79,https://dl.dropboxusercontent.com/u/16228160/D3TestData/DEImages/14.0_16.0_28.0_66.0_18.0_0.0_0.0_6.0_0.4_Perspective.png,https://dl.dropboxusercontent.com/u/16228160/D3TestData/threeD/3D14.0_16.0_28.0_66.0_17.0_-2.0_-4.0_5.0_0.28.json,,,,,
14~16~28~66~18~0~0~6~0.4,14,16,28,66,18,0,0,6,0.4,51968,376.201891,8907.596983,0.25,https://dl.dropboxusercontent.com/u/16228160/D3TestData/DEImages/14.0_16.0_28.0_68.0_18.0_-8.0_-4.0_4.0_0.16_Perspective.png,https://dl.dropboxusercontent.com/u/16228160/D3TestData/threeD/3D14.0_16.0_28.0_66.0_18.0_0.0_0.0_6.0_0.4.json,,,,,
14~16~28~68~18~-8~2~9~0,14,16,28,68,18,-8,2,9,0,62016,693.960626,13769.1886,0,https://dl.dropboxusercontent.com/u/16228160/D3TestData/DEImages/14.0_16.0_28.0_68.0_18.0_-8.0_2.0_9.0_0.0_Perspective.png,https://dl.dropboxusercontent.com/u/16228160/D3TestData/threeD/3D14.0_16.0_28.0_68.0_18.0_-8.0_-4.0_4.0_0.16.json,,,,,
14~16~28~68~18~-8~-4~4~0.16,14,16,28,68,18,-8,-4,4,0.16,64896,524.124662,9937.900641,2.13,https://dl.dropboxusercontent.com/u/16228160/D3TestData/DEImages/14.0_16.0_28.0_74.0_16.0_-6.0_0.0_6.0_0.0_Perspective.png,https://dl.dropboxusercontent.com/u/16228160/D3TestData/threeD/3D14.0_16.0_28.0_68.0_18.0_-8.0_2.0_9.0_0.0.json,,,,,
14~16~28~74~16~-6~0~6~0,14,16,28,74,16,-6,0,6,0,63168,498.136918,9703.489108,0,https://dl.dropboxusercontent.com/u/16228160/D3TestData/DEImages/14.0_16.0_30.0_60.0_16.0_-4.0_0.0_8.0_0.42_Perspective.png,https://dl.dropboxusercontent.com/u/16228160/D3TestData/threeD/3D14.0_16.0_28.0_74.0_16.0_-6.0_0.0_6.0_0.0.json,,,,,
14~16~30~60~16~-4~0~8~0.42,14,16,30,60,16,-4,0,8,0.42,53312,458.78223,10588.98559,0.19,https://dl.dropboxusercontent.com/u/16228160/D3TestData/DEImages/14.0_16.0_30.0_62.0_18.0_-4.0_-2.0_7.0_0.27_Perspective.png,https://dl.dropboxusercontent.com/u/16228160/D3TestData/threeD/3D14.0_16.0_30.0_60.0_16.0_-4.0_0.0_8.0_0.42.json,,,,,
14~16~30~62~18~-4~-2~7~0.27,14,16,30,62,18,-4,-2,7,0.27,58016,789.920982,16753.65416,0.85,https://dl.dropboxusercontent.com/u/16228160/D3TestData/DEImages/14.0_16.0_30.0_74.0_16.0_4.0_2.0_8.0_0.25_Perspective.png,https://dl.dropboxusercontent.com/u/16228160/D3TestData/threeD/3D14.0_16.0_30.0_62.0_18.0_-4.0_-2.0_7.0_0.27.json,,,,,
14~16~30~74~16~4~2~8~0.25,14,16,30,74,16,4,2,8,0.25,70112,871.631407,15296.95345,1,https://dl.dropboxusercontent.com/u/16228160/D3TestData/DEImages/14.0_16.0_30.0_74.0_18.0_4.0_2.0_1.0_0.05_Perspective.png,https://dl.dropboxusercontent.com/u/16228160/D3TestData/threeD/3D14.0_16.0_30.0_74.0_16.0_4.0_2.0_8.0_0.25.json,,,,,
14~16~30~74~18~4~2~1~0.05,14,16,30,74,18,4,2,1,0.05,70112,884.97343,15532.29119,9,https://dl.dropboxusercontent.com/u/16228160/D3TestData/DEImages/14.0_16.0_30.0_76.0_18.0_4.0_-2.0_0.0_0.06_Perspective.png,https://dl.dropboxusercontent.com/u/16228160/D3TestData/threeD/3D14.0_16.0_30.0_74.0_18.0_4.0_2.0_1.0_0.05.json,,,,,
14~16~30~76~18~4~-2~0~0.06,14,16,30,76,18,4,-2,0,0.06,72128,902.961788,15404.55856,7.33,https://dl.dropboxusercontent.com/u/16228160/D3TestData/DEImages/14.0_16.0_32.0_60.0_18.0_-8.0_-4.0_9.0_0.14_Perspective.png,https://dl.dropboxusercontent.com/u/16228160/D3TestData/threeD/3D14.0_16.0_30.0_76.0_18.0_4.0_-2.0_0.0_0.06.json,,,,,
14~16~32~60~18~-8~-4~9~0.14,14,16,32,60,18,-8,-4,9,0.14,65408,706.120206,13283.5433,2.57,https://dl.dropboxusercontent.com/u/16228160/D3TestData/DEImages/14.0_18.0_24.0_70.0_15.0_-4.0_-4.0_2.0_0.46_Perspective.png,https://dl.dropboxusercontent.com/u/16228160/D3TestData/threeD/3D14.0_16.0_32.0_60.0_18.0_-8.0_-4.0_9.0_0.14.json,,,,,
14~18~24~70~15~-4~-4~2~0.46,14,18,24,70,15,-4,-4,2,0.46,54336,394.237032,8927.782686,0.09,https://dl.dropboxusercontent.com/u/16228160/D3TestData/DEImages/14.0_18.0_26.0_74.0_19.0_-6.0_-2.0_3.0_0.24_Perspective.png,https://dl.dropboxusercontent.com/u/16228160/D3TestData/threeD/3D14.0_18.0_24.0_70.0_15.0_-4.0_-4.0_2.0_0.46.json,,,,,
14~18~26~74~19~-6~-2~3~0.24,14,18,26,74,19,-6,-2,3,0.24,60512,679.570909,13818.58144,1.08,https://dl.dropboxusercontent.com/u/16228160/D3TestData/DEImages/14.0_18.0_28.0_62.0_19.0_-2.0_-2.0_6.0_0.07_Perspective.png,https://dl.dropboxusercontent.com/u/16228160/D3TestData/threeD/3D14.0_18.0_26.0_74.0_19.0_-6.0_-2.0_3.0_0.24.json,,,,,
14~18~28~62~19~-2~-2~6~0.07,14,18,28,62,19,-2,-2,6,0.07,51712,555.455897,13216.99412,6.14,https://dl.dropboxusercontent.com/u/16228160/D3TestData/DEImages/14.0_18.0_30.0_60.0_19.0_2.0_0.0_8.0_0.02_Perspective.png,https://dl.dropboxusercontent.com/u/16228160/D3TestData/threeD/3D14.0_18.0_28.0_62.0_19.0_-2.0_-2.0_6.0_0.07.json,,,,,
14~18~30~60~19~2~0~8~0.02,14,18,30,60,19,2,0,8,0.02,50976,362.973945,8761.574074,24,https://dl.dropboxusercontent.com/u/16228160/D3TestData/DEImages/14.0_20.0_24.0_62.0_15.0_6.0_-4.0_2.0_0.24_Perspective.png,https://dl.dropboxusercontent.com/u/16228160/D3TestData/threeD/3D14.0_18.0_30.0_60.0_19.0_2.0_0.0_8.0_0.02.json,,,,,
14~20~24~62~15~6~-4~2~0.24,14,20,24,62,15,6,-4,2,0.24,47488,395.109356,10237.74427,1.08,https://dl.dropboxusercontent.com/u/16228160/D3TestData/DEImages/14.0_20.0_24.0_62.0_15.0_6.0_-4.0_2.0_0.38_Perspective.png,https://dl.dropboxusercontent.com/u/16228160/D3TestData/threeD/3D14.0_20.0_24.0_62.0_15.0_6.0_-4.0_2.0_0.24.json,,,,,
14~20~24~62~15~6~-4~2~0.38,14,20,24,62,15,6,-4,2,0.38,47488,395.109356,10237.74427,0.32,https://dl.dropboxusercontent.com/u/16228160/D3TestData/DEImages/14.0_20.0_24.0_62.0_16.0_-2.0_-4.0_4.0_0.12_Perspective.png,https://dl.dropboxusercontent.com/u/16228160/D3TestData/threeD/3D14.0_20.0_24.0_62.0_15.0_6.0_-4.0_2.0_0.38.json,,,,,
14~20~24~62~16~-2~-4~4~0.12,14,20,24,62,16,-2,-4,4,0.12,45568,524.088322,14152.25597,3.17,https://dl.dropboxusercontent.com/u/16228160/D3TestData/DEImages/14.0_20.0_26.0_74.0_18.0_0.0_-2.0_6.0_0.44_Perspective.png,https://dl.dropboxusercontent.com/u/16228160/D3TestData/threeD/3D14.0_20.0_24.0_62.0_16.0_-2.0_-4.0_4.0_0.12.json,,,,,
14~20~26~74~18~0~-2~6~0.44,14,20,26,74,18,0,-2,6,0.44,56160,593.706334,13008.36895,0.14,https://dl.dropboxusercontent.com/u/16228160/D3TestData/DEImages/14.0_20.0_28.0_72.0_15.0_-2.0_0.0_1.0_0.38_Perspective.png,https://dl.dropboxusercontent.com/u/16228160/D3TestData/threeD/3D14.0_20.0_26.0_74.0_18.0_0.0_-2.0_6.0_0.44.json,,,,,
14~20~28~72~15~-2~0~1~0.38,14,20,28,72,15,-2,0,1,0.38,56896,406.140427,8783.570022,0.32,https://dl.dropboxusercontent.com/u/16228160/D3TestData/DEImages/14.0_20.0_28.0_76.0_17.0_0.0_-2.0_3.0_0.16_Perspective.png,https://dl.dropboxusercontent.com/u/16228160/D3TestData/threeD/3D14.0_20.0_28.0_72.0_15.0_-2.0_0.0_1.0_0.38.json,,,,,
14~20~28~76~17~0~-2~3~0.16,14,20,28,76,17,0,-2,3,0.16,62784,635.98875,12464.4814,2.12,https://dl.dropboxusercontent.com/u/16228160/D3TestData/DEImages/14.0_20.0_30.0_62.0_15.0_2.0_0.0_6.0_0.09_Perspective.png,https://dl.dropboxusercontent.com/u/16228160/D3TestData/threeD/3D14.0_20.0_28.0_76.0_17.0_0.0_-2.0_3.0_0.16.json,,,,,
14~20~30~62~15~2~0~6~0.09,14,20,30,62,15,2,0,6,0.09,52000,372.489373,8814.230769,4.56,https://dl.dropboxusercontent.com/u/16228160/D3TestData/DEImages/14.0_20.0_30.0_76.0_14.0_2.0_-4.0_8.0_0.23_Perspective.png,https://dl.dropboxusercontent.com/u/16228160/D3TestData/threeD/3D14.0_20.0_30.0_62.0_15.0_2.0_0.0_6.0_0.09.json,,,,,
14~20~30~76~14~2~-4~8~0.23,14,20,30,76,14,2,-4,8,0.23,72544,439.288444,7451.202029,1.17,https://dl.dropboxusercontent.com/u/16228160/D3TestData/DEImages/14.0_20.0_32.0_74.0_17.0_2.0_0.0_9.0_0.15_Perspective.png,https://dl.dropboxusercontent.com/u/16228160/D3TestData/threeD/3D14.0_20.0_30.0_76.0_14.0_2.0_-4.0_8.0_0.23.json,,,,,
14~20~32~74~17~2~0~9~0.15,14,20,32,74,17,2,0,9,0.15,68352,454.858123,8188.348549,2.33,https://dl.dropboxusercontent.com/u/16228160/D3TestData/DEImages/,https://dl.dropboxusercontent.com/u/16228160/D3TestData/threeD/3D14.0_20.0_32.0_74.0_17.0_2.0_0.0_9.0_0.15.json,,,,,
